term,definition
기본자본(Tier,"기본자본(Tier은(는) 금융 및 경제 분야에서 사용되는 핵심 용어로, 특정 상황이나 제도, 정책 등을 설명할 때 중요한 개념입니다. 이 용어는 다양한 문맥에서 사용되며, 관련 제도나 운영 방식에 따라 그 의미가 달라질 수 있습니다. 일반적으로 기본자본(Tier은(는) 다음과 같은 의미를 포함합니다: [정의 상세 작성 필요]."
기타기본자본(Additional Tier,"기타기본자본(Additional Tier은(는) 금융 및 경제 분야에서 사용되는 핵심 용어로, 특정 상황이나 제도, 정책 등을 설명할 때 중요한 개념입니다. 이 용어는 다양한 문맥에서 사용되며, 관련 제도나 운영 방식에 따라 그 의미가 달라질 수 있습니다. 일반적으로 기타기본자본(Additional Tier은(는) 다음과 같은 의미를 포함합니다: [정의 상세 작성 필요]."
(Common Equity Tier,"(Common Equity Tier은(는) 금융 및 경제 분야에서 사용되는 핵심 용어로, 특정 상황이나 제도, 정책 등을 설명할 때 중요한 개념입니다. 이 용어는 다양한 문맥에서 사용되며, 관련 제도나 운영 방식에 따라 그 의미가 달라질 수 있습니다. 일반적으로 (Common Equity Tier은(는) 다음과 같은 의미를 포함합니다: [정의 상세 작성 필요]."
보완자본(Tier,"보완자본(Tier은(는) 금융 및 경제 분야에서 사용되는 핵심 용어로, 특정 상황이나 제도, 정책 등을 설명할 때 중요한 개념입니다. 이 용어는 다양한 문맥에서 사용되며, 관련 제도나 운영 방식에 따라 그 의미가 달라질 수 있습니다. 일반적으로 보완자본(Tier은(는) 다음과 같은 의미를 포함합니다: [정의 상세 작성 필요]."
등급평가제도,"등급평가제도은(는) 금융 및 경제 분야에서 사용되는 핵심 용어로, 특정 상황이나 제도, 정책 등을 설명할 때 중요한 개념입니다. 이 용어는 다양한 문맥에서 사용되며, 관련 제도나 운영 방식에 따라 그 의미가 달라질 수 있습니다. 일반적으로 등급평가제도은(는) 다음과 같은 의미를 포함합니다: [정의 상세 작성 필요]."
경제활동참가율,"경제활동참가율은(는) 금융 및 경제 분야에서 사용되는 핵심 용어로, 특정 상황이나 제도, 정책 등을 설명할 때 중요한 개념입니다. 이 용어는 다양한 문맥에서 사용되며, 관련 제도나 운영 방식에 따라 그 의미가 달라질 수 있습니다. 일반적으로 경제활동참가율은(는) 다음과 같은 의미를 포함합니다: [정의 상세 작성 필요]."
(Group of,"(Group of은(는) 금융 및 경제 분야에서 사용되는 핵심 용어로, 특정 상황이나 제도, 정책 등을 설명할 때 중요한 개념입니다. 이 용어는 다양한 문맥에서 사용되며, 관련 제도나 운영 방식에 따라 그 의미가 달라질 수 있습니다. 일반적으로 (Group of은(는) 다음과 같은 의미를 포함합니다: [정의 상세 작성 필요]."
면 등가의 법칙,"면 등가의 법칙은(는) 금융 및 경제 분야에서 사용되는 핵심 용어로, 특정 상황이나 제도, 정책 등을 설명할 때 중요한 개념입니다. 이 용어는 다양한 문맥에서 사용되며, 관련 제도나 운영 방식에 따라 그 의미가 달라질 수 있습니다. 일반적으로 면 등가의 법칙은(는) 다음과 같은 의미를 포함합니다: [정의 상세 작성 필요]."
),")은(는) 금융 및 경제 분야에서 사용되는 핵심 용어로, 특정 상황이나 제도, 정책 등을 설명할 때 중요한 개념입니다. 이 용어는 다양한 문맥에서 사용되며, 관련 제도나 운영 방식에 따라 그 의미가 달라질 수 있습니다. 일반적으로 )은(는) 다음과 같은 의미를 포함합니다: [정의 상세 작성 필요]."
C) 지급결제시스템,"C) 지급결제시스템은(는) 금융 및 경제 분야에서 사용되는 핵심 용어로, 특정 상황이나 제도, 정책 등을 설명할 때 중요한 개념입니다. 이 용어는 다양한 문맥에서 사용되며, 관련 제도나 운영 방식에 따라 그 의미가 달라질 수 있습니다. 일반적으로 C) 지급결제시스템은(는) 다음과 같은 의미를 포함합니다: [정의 상세 작성 필요]."
B) 지급결제시스템,"B) 지급결제시스템은(는) 금융 및 경제 분야에서 사용되는 핵심 용어로, 특정 상황이나 제도, 정책 등을 설명할 때 중요한 개념입니다. 이 용어는 다양한 문맥에서 사용되며, 관련 제도나 운영 방식에 따라 그 의미가 달라질 수 있습니다. 일반적으로 B) 지급결제시스템은(는) 다음과 같은 의미를 포함합니다: [정의 상세 작성 필요]."
(EMEAP),"(EMEAP)은(는) 금융 및 경제 분야에서 사용되는 핵심 용어로, 특정 상황이나 제도, 정책 등을 설명할 때 중요한 개념입니다. 이 용어는 다양한 문맥에서 사용되며, 관련 제도나 운영 방식에 따라 그 의미가 달라질 수 있습니다. 일반적으로 (EMEAP)은(는) 다음과 같은 의미를 포함합니다: [정의 상세 작성 필요]."
태평양중앙은행기구 매입외환/환가료,"태평양중앙은행기구 매입외환/환가료은(는) 금융 및 경제 분야에서 사용되는 핵심 용어로, 특정 상황이나 제도, 정책 등을 설명할 때 중요한 개념입니다. 이 용어는 다양한 문맥에서 사용되며, 관련 제도나 운영 방식에 따라 그 의미가 달라질 수 있습니다. 일반적으로 태평양중앙은행기구 매입외환/환가료은(는) 다음과 같은 의미를 포함합니다: [정의 상세 작성 필요]."
동일인 신용공여한도제 머니마켓펀드(MMF),"동일인 신용공여한도제 머니마켓펀드(MMF)은(는) 금융 및 경제 분야에서 사용되는 핵심 용어로, 특정 상황이나 제도, 정책 등을 설명할 때 중요한 개념입니다. 이 용어는 다양한 문맥에서 사용되며, 관련 제도나 운영 방식에 따라 그 의미가 달라질 수 있습니다. 일반적으로 동일인 신용공여한도제 머니마켓펀드(MMF)은(는) 다음과 같은 의미를 포함합니다: [정의 상세 작성 필요]."
(동일인 여신한도제),"(동일인 여신한도제)은(는) 금융 및 경제 분야에서 사용되는 핵심 용어로, 특정 상황이나 제도, 정책 등을 설명할 때 중요한 개념입니다. 이 용어는 다양한 문맥에서 사용되며, 관련 제도나 운영 방식에 따라 그 의미가 달라질 수 있습니다. 일반적으로 (동일인 여신한도제)은(는) 다음과 같은 의미를 포함합니다: [정의 상세 작성 필요]."
바젤위원회(BCBS),"바젤위원회(BCBS)은(는) 금융 및 경제 분야에서 사용되는 핵심 용어로, 특정 상황이나 제도, 정책 등을 설명할 때 중요한 개념입니다. 이 용어는 다양한 문맥에서 사용되며, 관련 제도나 운영 방식에 따라 그 의미가 달라질 수 있습니다. 일반적으로 바젤위원회(BCBS)은(는) 다음과 같은 의미를 포함합니다: [정의 상세 작성 필요]."
바젤은행감독위원회/ 분산원장기술,"바젤은행감독위원회/ 분산원장기술은(는) 금융 및 경제 분야에서 사용되는 핵심 용어로, 특정 상황이나 제도, 정책 등을 설명할 때 중요한 개념입니다. 이 용어는 다양한 문맥에서 사용되며, 관련 제도나 운영 방식에 따라 그 의미가 달라질 수 있습니다. 일반적으로 바젤은행감독위원회/ 분산원장기술은(는) 다음과 같은 의미를 포함합니다: [정의 상세 작성 필요]."
(forward guidance),"(forward guidance)은(는) 금융 및 경제 분야에서 사용되는 핵심 용어로, 특정 상황이나 제도, 정책 등을 설명할 때 중요한 개념입니다. 이 용어는 다양한 문맥에서 사용되며, 관련 제도나 운영 방식에 따라 그 의미가 달라질 수 있습니다. 일반적으로 (forward guidance)은(는) 다음과 같은 의미를 포함합니다: [정의 상세 작성 필요]."
차 산업혁명,"차 산업혁명은(는) 금융 및 경제 분야에서 사용되는 핵심 용어로, 특정 상황이나 제도, 정책 등을 설명할 때 중요한 개념입니다. 이 용어는 다양한 문맥에서 사용되며, 관련 제도나 운영 방식에 따라 그 의미가 달라질 수 있습니다. 일반적으로 차 산업혁명은(는) 다음과 같은 의미를 포함합니다: [정의 상세 작성 필요]."
조,"조은(는) 금융 및 경제 분야에서 사용되는 핵심 용어로, 특정 상황이나 제도, 정책 등을 설명할 때 중요한 개념입니다. 이 용어는 다양한 문맥에서 사용되며, 관련 제도나 운영 방식에 따라 그 의미가 달라질 수 있습니다. 일반적으로 조은(는) 다음과 같은 의미를 포함합니다: [정의 상세 작성 필요]."
푸어스,"푸어스은(는) 금융 및 경제 분야에서 사용되는 핵심 용어로, 특정 상황이나 제도, 정책 등을 설명할 때 중요한 개념입니다. 이 용어는 다양한 문맥에서 사용되며, 관련 제도나 운영 방식에 따라 그 의미가 달라질 수 있습니다. 일반적으로 푸어스은(는) 다음과 같은 의미를 포함합니다: [정의 상세 작성 필요]."
분위배율,"분위배율은(는) 금융 및 경제 분야에서 사용되는 핵심 용어로, 특정 상황이나 제도, 정책 등을 설명할 때 중요한 개념입니다. 이 용어는 다양한 문맥에서 사용되며, 관련 제도나 운영 방식에 따라 그 의미가 달라질 수 있습니다. 일반적으로 분위배율은(는) 다음과 같은 의미를 포함합니다: [정의 상세 작성 필요]."
거시경제조사기구(AMRO),"거시경제조사기구(AMRO)은(는) 금융 및 경제 분야에서 사용되는 핵심 용어로, 특정 상황이나 제도, 정책 등을 설명할 때 중요한 개념입니다. 이 용어는 다양한 문맥에서 사용되며, 관련 제도나 운영 방식에 따라 그 의미가 달라질 수 있습니다. 일반적으로 거시경제조사기구(AMRO)은(는) 다음과 같은 의미를 포함합니다: [정의 상세 작성 필요]."
연방준비제도(FRS)/ 요소비용 국민소득,"연방준비제도(FRS)/ 요소비용 국민소득은(는) 금융 및 경제 분야에서 사용되는 핵심 용어로, 특정 상황이나 제도, 정책 등을 설명할 때 중요한 개념입니다. 이 용어는 다양한 문맥에서 사용되며, 관련 제도나 운영 방식에 따라 그 의미가 달라질 수 있습니다. 일반적으로 연방준비제도(FRS)/ 요소비용 국민소득은(는) 다음과 같은 의미를 포함합니다: [정의 상세 작성 필요]."
연방준비은행(FRB),"연방준비은행(FRB)은(는) 금융 및 경제 분야에서 사용되는 핵심 용어로, 특정 상황이나 제도, 정책 등을 설명할 때 중요한 개념입니다. 이 용어는 다양한 문맥에서 사용되며, 관련 제도나 운영 방식에 따라 그 의미가 달라질 수 있습니다. 일반적으로 연방준비은행(FRB)은(는) 다음과 같은 의미를 포함합니다: [정의 상세 작성 필요]."
유로달러(Euro Dollar),"유로달러(Euro Dollar)은(는) 금융 및 경제 분야에서 사용되는 핵심 용어로, 특정 상황이나 제도, 정책 등을 설명할 때 중요한 개념입니다. 이 용어는 다양한 문맥에서 사용되며, 관련 제도나 운영 방식에 따라 그 의미가 달라질 수 있습니다. 일반적으로 유로달러(Euro Dollar)은(는) 다음과 같은 의미를 포함합니다: [정의 상세 작성 필요]."
유로마켓(Euro Market),"유로마켓(Euro Market)은(는) 금융 및 경제 분야에서 사용되는 핵심 용어로, 특정 상황이나 제도, 정책 등을 설명할 때 중요한 개념입니다. 이 용어는 다양한 문맥에서 사용되며, 관련 제도나 운영 방식에 따라 그 의미가 달라질 수 있습니다. 일반적으로 유로마켓(Euro Market)은(는) 다음과 같은 의미를 포함합니다: [정의 상세 작성 필요]."
차 통화조치,"차 통화조치은(는) 금융 및 경제 분야에서 사용되는 핵심 용어로, 특정 상황이나 제도, 정책 등을 설명할 때 중요한 개념입니다. 이 용어는 다양한 문맥에서 사용되며, 관련 제도나 운영 방식에 따라 그 의미가 달라질 수 있습니다. 일반적으로 차 통화조치은(는) 다음과 같은 의미를 포함합니다: [정의 상세 작성 필요]."
평균저축성향,"평균저축성향은(는) 금융 및 경제 분야에서 사용되는 핵심 용어로, 특정 상황이나 제도, 정책 등을 설명할 때 중요한 개념입니다. 이 용어는 다양한 문맥에서 사용되며, 관련 제도나 운영 방식에 따라 그 의미가 달라질 수 있습니다. 일반적으로 평균저축성향은(는) 다음과 같은 의미를 포함합니다: [정의 상세 작성 필요]."
저축률/총저축/평균소비성향/ 주가지수선물거래,"저축률/총저축/평균소비성향/ 주가지수선물거래은(는) 금융 및 경제 분야에서 사용되는 핵심 용어로, 특정 상황이나 제도, 정책 등을 설명할 때 중요한 개념입니다. 이 용어는 다양한 문맥에서 사용되며, 관련 제도나 운영 방식에 따라 그 의미가 달라질 수 있습니다. 일반적으로 저축률/총저축/평균소비성향/ 주가지수선물거래은(는) 다음과 같은 의미를 포함합니다: [정의 상세 작성 필요]."
(BIS CPMI),"(BIS CPMI)은(는) 금융 및 경제 분야에서 사용되는 핵심 용어로, 특정 상황이나 제도, 정책 등을 설명할 때 중요한 개념입니다. 이 용어는 다양한 문맥에서 사용되며, 관련 제도나 운영 방식에 따라 그 의미가 달라질 수 있습니다. 일반적으로 (BIS CPMI)은(는) 다음과 같은 의미를 포함합니다: [정의 상세 작성 필요]."
(이중상환청구권부 채권),"(이중상환청구권부 채권)은(는) 금융 및 경제 분야에서 사용되는 핵심 용어로, 특정 상황이나 제도, 정책 등을 설명할 때 중요한 개념입니다. 이 용어는 다양한 문맥에서 사용되며, 관련 제도나 운영 방식에 따라 그 의미가 달라질 수 있습니다. 일반적으로 (이중상환청구권부 채권)은(는) 다음과 같은 의미를 포함합니다: [정의 상세 작성 필요]."
s rule),"s rule)은(는) 금융 및 경제 분야에서 사용되는 핵심 용어로, 특정 상황이나 제도, 정책 등을 설명할 때 중요한 개념입니다. 이 용어는 다양한 문맥에서 사용되며, 관련 제도나 운영 방식에 따라 그 의미가 달라질 수 있습니다. 일반적으로 s rule)은(는) 다음과 같은 의미를 포함합니다: [정의 상세 작성 필요]."
(monetary policy regime),"(monetary policy regime)은(는) 금융 및 경제 분야에서 사용되는 핵심 용어로, 특정 상황이나 제도, 정책 등을 설명할 때 중요한 개념입니다. 이 용어는 다양한 문맥에서 사용되며, 관련 제도나 운영 방식에 따라 그 의미가 달라질 수 있습니다. 일반적으로 (monetary policy regime)은(는) 다음과 같은 의미를 포함합니다: [정의 상세 작성 필요]."
(monetary policy framework),"(monetary policy framework)은(는) 금융 및 경제 분야에서 사용되는 핵심 용어로, 특정 상황이나 제도, 정책 등을 설명할 때 중요한 개념입니다. 이 용어는 다양한 문맥에서 사용되며, 관련 제도나 운영 방식에 따라 그 의미가 달라질 수 있습니다. 일반적으로 (monetary policy framework)은(는) 다음과 같은 의미를 포함합니다: [정의 상세 작성 필요]."
통화정책체계 한시적 근로자,"통화정책체계 한시적 근로자은(는) 금융 및 경제 분야에서 사용되는 핵심 용어로, 특정 상황이나 제도, 정책 등을 설명할 때 중요한 개념입니다. 이 용어는 다양한 문맥에서 사용되며, 관련 제도나 운영 방식에 따라 그 의미가 달라질 수 있습니다. 일반적으로 통화정책체계 한시적 근로자은(는) 다음과 같은 의미를 포함합니다: [정의 상세 작성 필요]."
s dilemma),"s dilemma)은(는) 금융 및 경제 분야에서 사용되는 핵심 용어로, 특정 상황이나 제도, 정책 등을 설명할 때 중요한 개념입니다. 이 용어는 다양한 문맥에서 사용되며, 관련 제도나 운영 방식에 따라 그 의미가 달라질 수 있습니다. 일반적으로 s dilemma)은(는) 다음과 같은 의미를 포함합니다: [정의 상세 작성 필요]."
A,"A은(는) 금융 및 경제 분야에서 사용되는 핵심 용어로, 특정 상황이나 제도, 정책 등을 설명할 때 중요한 개념입니다. 이 용어는 다양한 문맥에서 사용되며, 관련 제도나 운영 방식에 따라 그 의미가 달라질 수 있습니다. 일반적으로 A은(는) 다음과 같은 의미를 포함합니다: [정의 상세 작성 필요]."
P대출,"P대출은(는) 금융 및 경제 분야에서 사용되는 핵심 용어로, 특정 상황이나 제도, 정책 등을 설명할 때 중요한 개념입니다. 이 용어는 다양한 문맥에서 사용되며, 관련 제도나 운영 방식에 따라 그 의미가 달라질 수 있습니다. 일반적으로 P대출은(는) 다음과 같은 의미를 포함합니다: [정의 상세 작성 필요]."
ABC VaR(Value at Risk),"ABC VaR(Value at Risk)은(는) 금융 및 경제 분야에서 사용되는 핵심 용어로, 특정 상황이나 제도, 정책 등을 설명할 때 중요한 개념입니다. 이 용어는 다양한 문맥에서 사용되며, 관련 제도나 운영 방식에 따라 그 의미가 달라질 수 있습니다. 일반적으로 ABC VaR(Value at Risk)은(는) 다음과 같은 의미를 포함합니다: [정의 상세 작성 필요]."
CACREL시스템,"CACREL시스템은(는) 금융 및 경제 분야에서 사용되는 핵심 용어로, 특정 상황이나 제도, 정책 등을 설명할 때 중요한 개념입니다. 이 용어는 다양한 문맥에서 사용되며, 관련 제도나 운영 방식에 따라 그 의미가 달라질 수 있습니다. 일반적으로 CACREL시스템은(는) 다음과 같은 의미를 포함합니다: [정의 상세 작성 필요]."
(Group of Two),"(Group of Two)은(는) 금융 및 경제 분야에서 사용되는 핵심 용어로, 특정 상황이나 제도, 정책 등을 설명할 때 중요한 개념입니다. 이 용어는 다양한 문맥에서 사용되며, 관련 제도나 운영 방식에 따라 그 의미가 달라질 수 있습니다. 일반적으로 (Group of Two)은(는) 다음과 같은 의미를 포함합니다: [정의 상세 작성 필요]."
(Group of Seven),"(Group of Seven)은(는) 금융 및 경제 분야에서 사용되는 핵심 용어로, 특정 상황이나 제도, 정책 등을 설명할 때 중요한 개념입니다. 이 용어는 다양한 문맥에서 사용되며, 관련 제도나 운영 방식에 따라 그 의미가 달라질 수 있습니다. 일반적으로 (Group of Seven)은(는) 다음과 같은 의미를 포함합니다: [정의 상세 작성 필요]."
IC 카드,"IC 카드은(는) 금융 및 경제 분야에서 사용되는 핵심 용어로, 특정 상황이나 제도, 정책 등을 설명할 때 중요한 개념입니다. 이 용어는 다양한 문맥에서 사용되며, 관련 제도나 운영 방식에 따라 그 의미가 달라질 수 있습니다. 일반적으로 IC 카드은(는) 다음과 같은 의미를 포함합니다: [정의 상세 작성 필요]."
