Term,Page
기본자본(Tier,1
기타기본자본(Additional Tier,1
(Common Equity Tier,1
보완자본(Tier,2
등급평가제도,15
경제활동참가율,17
(Group of,20
면 등가의 법칙,41
),66
C) 지급결제시스템,66
B) 지급결제시스템,67
(EMEAP),93
태평양중앙은행기구 매입외환/환가료,108
동일인 신용공여한도제 머니마켓펀드(MMF),109
(동일인 여신한도제),94
바젤위원회(BCBS),118
바젤은행감독위원회/ 분산원장기술,132
(forward guidance),142
차 산업혁명,143
조,166
푸어스,169
분위배율,156
거시경제조사기구(AMRO),182
연방준비제도(FRS)/ 요소비용 국민소득,207
연방준비은행(FRB),192
유로달러(Euro Dollar),216
유로마켓(Euro Market),217
차 통화조치,255
평균저축성향,243
저축률/총저축/평균소비성향/ 주가지수선물거래,261
(BIS CPMI),269
(이중상환청구권부 채권),292
s rule),297
(monetary policy regime),305
(monetary policy framework),307
통화정책체계 한시적 근로자,323
s dilemma),310
A,348
P대출,349
ABC VaR(Value at Risk),352
CACREL시스템,338
(Group of Two),341
(Group of Seven),342
IC 카드,344
